operator,gflops,bandwidth
csr,87.313069,698.641116
stencil5,155.177251,1180.269194
